key,code,registrationTime,dueDate,invoiceQuantity,tax,link,draft-mode,key:sponsorship
invoice-01,IN-0001-0001,2020/03/14 15:32,2023/03/14 15:32,USD 50.00,50.00,https://example.com/invoices,false,sponsorship-01
invoice-02,IN-9999-9999,2020/03/14 15:32,2023/03/14 15:32,USD 50.00,50.00,https://example.com/invoices,false,sponsorship-01
invoice-03,IN-2345-2364,2020/03/14 15:32,2023/03/14 15:32,USD 50.00,50.00,https://example.com/invoices,false,sponsorship-01
invoice-04,IN-0000-0000,2020/03/14 15:32,2023/03/14 15:32,USD 50.00,50.00,https://example.com/invoices,false,sponsorship-01
invoice-05,IN-0001-0002,2000/01/01 00:00,2023/03/14 15:32,USD 50.00,50.00,https://example.com/invoices,false,sponsorship-01
invoice-06,IN-0001-0003,2000/01/01 00:01,2023/03/14 15:32,USD 50.00,50.00,https://example.com/invoices,false,sponsorship-01
invoice-07,IN-0001-0004,2022/07/30 00:00,2023/03/14 15:32,USD 50.00,50.00,https://example.com/invoices,false,sponsorship-01
invoice-08,IN-0001-0005,2022/07/29 23:59,2023/03/14 15:32,USD 50.00,50.00,https://example.com/invoices,false,sponsorship-01
invoice-09,IN-0001-0006,2010/12/31 23:59,2023/03/14 15:32,USD 50.00,50.00,https://example.com/invoices,false,sponsorship-01
invoice-10,IN-0001-0007,2011/01/01 00:00,2023/03/14 15:32,USD 50.00,50.00,https://example.com/invoices,false,sponsorship-01
invoice-11,IN-0001-0008,2016/02/27 23:59,2023/03/14 15:32,USD 50.00,50.00,https://example.com/invoices,false,sponsorship-01
invoice-12,IN-0001-0009,2016/02/28 00:00,2023/03/14 15:32,USD 50.00,50.00,https://example.com/invoices,false,sponsorship-01
invoice-13,IN-0001-0010,2016/02/29 15:32,2023/03/14 15:32,USD 50.00,50.00,https://example.com/invoices,false,sponsorship-01
invoice-14,IN-0001-0011,2020/03/31 23:59,2023/03/14 15:32,USD 50.00,50.00,https://example.com/invoices,false,sponsorship-01
invoice-15,IN-0001-0012,2020/04/01 00:00,2023/03/14 15:32,USD 50.00,50.00,https://example.com/invoices,false,sponsorship-01
invoice-16,IN-0001-0013,2020/03/14 15:32,2023/03/14 15:32,USD 50.00,50.00,https://example.com/invoices,false,sponsorship-01
invoice-17,IN-0001-0014,2020/03/14 15:32,2020/04/14 15:32,USD 50.00,50.00,https://example.com/invoices,false,sponsorship-01
invoice-18,IN-0001-0015,2020/03/14 15:32,2020/04/14 15:33,USD 50.00,50.00,https://example.com/invoices,false,sponsorship-01
invoice-19,IN-0001-0016,2020/03/14 15:32,2200/12/31 23:59,USD 50.00,50.00,https://example.com/invoices,false,sponsorship-01
invoice-20,IN-0001-0017,2020/03/14 15:32,2200/12/31 23:58,USD 50.00,50.00,https://example.com/invoices,false,sponsorship-01
invoice-21,IN-0001-0018,2020/03/14 15:32,2023/12/31 23:59,USD 50.00,50.00,https://example.com/invoices,false,sponsorship-01
invoice-22,IN-0001-0019,2020/03/14 15:32,2024/01/01 00:00,USD 50.00,50.00,https://example.com/invoices,false,sponsorship-01
invoice-23,IN-0001-0020,2020/03/14 15:32,2024/02/27 23:59,USD 50.00,50.00,https://example.com/invoices,false,sponsorship-01
invoice-24,IN-0001-0021,2020/03/14 15:32,2024/02/28 00:00,USD 50.00,50.00,https://example.com/invoices,false,sponsorship-01
invoice-25,IN-0001-0022,2020/03/14 15:32,2024/02/29 15:32,USD 50.00,50.00,https://example.com/invoices,false,sponsorship-01
invoice-26,IN-0001-0023,2020/03/14 15:32,2020/05/31 23:59,USD 50.00,50.00,https://example.com/invoices,false,sponsorship-01
invoice-27,IN-0001-0024,2020/03/14 15:32,2020/06/01 00:00,USD 50.00,50.00,https://example.com/invoices,false,sponsorship-01
invoice-28,IN-0001-0025,2020/03/14 15:32,2023/03/14 15:32,USD 0.01,50.00,https://example.com/invoices,false,sponsorship-01
invoice-29,IN-0001-0026,2020/03/14 15:32,2023/03/14 15:32,USD 0.02,50.00,https://example.com/invoices,false,sponsorship-42
invoice-30,IN-0001-0027,2020/03/14 15:32,2023/03/14 15:32,"USD 1,000,000.00",50.00,https://example.com/invoices,false,sponsorship-45
invoice-31,IN-0001-0028,2020/03/14 15:32,2023/03/14 15:32,"USD 999,999.99",50.00,https://example.com/invoices,false,sponsorship-46
invoice-32,IN-0001-0029,2020/03/14 15:32,2023/03/14 15:32,"USD 500,000.00",50.00,https://example.com/invoices,false,sponsorship-47
invoice-33,IN-0001-0030,2020/03/14 15:32,2023/03/14 15:32,"GBP 1,000.00",50.00,https://example.com/invoices,false,sponsorship-48
invoice-34,IN-0001-0031,2020/03/14 15:32,2023/03/14 15:32,GBP 0.01,50.00,https://example.com/invoices,false,sponsorship-43
invoice-35,IN-0001-0032,2020/03/14 15:32,2023/03/14 15:32,GBP 0.02,50.00,https://example.com/invoices,false,sponsorship-48
invoice-36,IN-0001-0033,2020/03/14 15:32,2023/03/14 15:32,"GBP 1,000,000.00",50.00,https://example.com/invoices,false,sponsorship-51
invoice-37,IN-0001-0034,2020/03/14 15:32,2023/03/14 15:32,"GBP 999,999.99",50.00,https://example.com/invoices,false,sponsorship-52
invoice-38,IN-0001-0035,2020/03/14 15:32,2023/03/14 15:32,"GBP 500,000.00",50.00,https://example.com/invoices,false,sponsorship-53
invoice-39,IN-0001-0036,2020/03/14 15:32,2023/03/14 15:32,"THB 1,000.00",50.00,https://example.com/invoices,false,sponsorship-60
invoice-40,IN-0001-0037,2020/03/14 15:32,2023/03/14 15:32,THB 0.01,50.00,https://example.com/invoices,false,sponsorship-62
invoice-41,IN-0001-0038,2020/03/14 15:32,2023/03/14 15:32,THB 0.02,50.00,https://example.com/invoices,false,sponsorship-60
invoice-42,IN-0001-0039,2020/03/14 15:32,2023/03/14 15:32,"THB 1,000,000.00",50.00,https://example.com/invoices,false,sponsorship-63
invoice-43,IN-0001-0040,2020/03/14 15:32,2023/03/14 15:32,"THB 999,999.99",50.00,https://example.com/invoices,false,sponsorship-64
invoice-44,IN-0001-0041,2020/03/14 15:32,2023/03/14 15:32,"THB 500,000.00",50.00,https://example.com/invoices,false,sponsorship-65
invoice-45,IN-0001-0042,2020/03/14 15:32,2023/03/14 15:32,"CAD 1,000.00",50.00,https://example.com/invoices,false,sponsorship-66
invoice-46,IN-0001-0043,2020/03/14 15:32,2023/03/14 15:32,CAD 0.01,50.00,https://example.com/invoices,false,sponsorship-68
invoice-47,IN-0001-0044,2020/03/14 15:32,2023/03/14 15:32,CAD 0.02,50.00,https://example.com/invoices,false,sponsorship-66
invoice-48,IN-0001-0045,2020/03/14 15:32,2023/03/14 15:32,"CAD 1,000,000.00",50.00,https://example.com/invoices,false,sponsorship-69
invoice-49,IN-0001-0046,2020/03/14 15:32,2023/03/14 15:32,"CAD 999,999.99",50.00,https://example.com/invoices,false,sponsorship-70
invoice-50,IN-0001-0047,2020/03/14 15:32,2023/03/14 15:32,"CAD 500,000.00",50.00,https://example.com/invoices,false,sponsorship-71
invoice-51,IN-0001-0048,2020/03/14 15:32,2023/03/14 15:32,"EUR 1,000.00",50.00,https://example.com/invoices,false,sponsorship-54
invoice-52,IN-0001-0049,2020/03/14 15:32,2023/03/14 15:32,EUR 0.01,50.00,https://example.com/invoices,false,sponsorship-56
invoice-53,IN-0001-0050,2020/03/14 15:32,2023/03/14 15:32,EUR 0.02,50.00,https://example.com/invoices,false,sponsorship-54
invoice-54,IN-0001-0051,2020/03/14 15:32,2023/03/14 15:32,"EUR 1,000,000.00",50.00,https://example.com/invoices,false,sponsorship-57
invoice-55,IN-0001-0052,2020/03/14 15:32,2023/03/14 15:32,"EUR 999,999.99",50.00,https://example.com/invoices,false,sponsorship-58
invoice-56,IN-0001-0053,2020/03/14 15:32,2023/03/14 15:32,"EUR 500,000.00",50.00,https://example.com/invoices,false,sponsorship-59
invoice-57,IN-0001-0054,2020/03/14 15:32,2023/03/14 15:32,USD 50.00,00.00,https://example.com/invoices,false,sponsorship-01
invoice-58,IN-0001-0055,2020/03/14 15:32,2023/03/14 15:32,USD 50.00,00.01,https://example.com/invoices,false,sponsorship-01
invoice-59,IN-0001-0056,2020/03/14 15:32,2023/03/14 15:32,USD 50.00,100.00,https://example.com/invoices,false,sponsorship-01
invoice-60,IN-0001-0057,2020/03/14 15:32,2023/03/14 15:32,USD 50.00,99.99,https://example.com/invoices,false,sponsorship-01
invoice-61,IN-0001-0058,2020/03/14 15:32,2023/03/14 15:32,USD 50.00,50.00,https://example.com/invoices,false,sponsorship-01
invoice-62,IN-0001-0059,2020/03/14 15:32,2023/03/14 15:32,USD 50.00,50.00,https://www.example.com/abcdefghijklmnopqrstuvwxyzabcdefghijklmnopqrstuvwxyzabcdefghijklmnopqrstuvwxyzabcdefghijklmnopqrstuvwxyzabcdefghijklmnopqrstuvwxyzabcdefghijklmnopqrstuvwxyzabcdefghijklmnopqrstuvwxyzabcdefghijklmnopqrstuvwxyzabcdefghijklmnopqrstuv,false,sponsorship-01
invoice-63,IN-0001-0060,2020/03/14 15:32,2023/03/14 15:32,USD 50.00,50.00,https://www.example.com/abcdefghijklmnopqrstuvwxyzabcdefghijklmnopqrstuvwxyzabcdefghijklmnopqrstuvwxyzabcdefghijklmnopqrstuvwxyzabcdefghijklmnopqrstuvwxyzabcdefghijklmnopqrstuvwxyzabcdefghijklmnopqrstuvwxyzabcdefghijklmnopqrstuvwxyzabcdefghijklmnopqrstu,false,sponsorship-01
invoice-64,IN-0001-0061,2020/03/14 15:32,2023/03/14 15:32,USD 50.00,50.00,http://a.c,false,sponsorship-01
invoice-65,IN-0001-0062,2020/03/14 15:32,2023/03/14 15:32,USD 50.00,50.00,http://a.cb,false,sponsorship-01
invoice-66,IN-0001-0063,2020/03/14 15:32,2023/03/14 15:32,USD 50.00,50.00,ftp://user:password@ftp.example.org:8080/files/file.txt,true,sponsorship-01
invoice-67,IN-2345-0064,2020/03/14 15:32,2023/03/14 15:32,USD 50.00,50.00,ftp://,false,sponsorship-01
invoice-68,IN-2345-0065,2020/03/14 15:32,2023/03/14 15:32,USD 50.00,50.00,ftp://a,false,sponsorship-01
invoice-69,IN-2345-0066,2020/03/14 15:32,2023/03/14 15:32,USD 50.00,50.00,ftp://a.b,false,sponsorship-01
invoice-70,IN-2345-0067,2020/03/14 15:32,2023/03/14 15:32,USD 50.00,50.00,"http://www.lorem-ipsum.org/dolor/sit/amet,/consectetur/adipiscing/elit,/sed/do/eiusmod/tempor/incididunt/ut/labore/et/dolore/magna/aliqua/Ut/enim/ad/minim/veniam/quis/nostrud/exercitation/ullamco/laboris/nisi/ut/aliquip/ex/ea/commodo/consequat/duis/aute/",false,sponsorship-01
invoice-71,IN-2345-0068,2020/03/14 15:32,2023/03/14 15:32,USD 50.00,50.00,"http://www.lorem-ipsum.org/dolor/sit/amet,/consectetur/adipiscing/elit,/sed/do/eiusmod/tempor/incididunt/ut/labore/et/dolore/magna/aliqua/Ut/enim/ad/minim/veniam/quis/nostrud/exercitation/ullamco/laboris/nisi/ut/aliquip/ex/ea/commodo/consequat/duis/aute/X",false,sponsorship-01
invoice-72,IN-2345-0069,2020/03/14 15:32,2023/03/14 15:32,USD 50.00,50.00,https://www.lorem-ipsum.org,false,sponsorship-01
invoice-73,IN-2345-0070,2020/03/14 15:32,2023/03/14 15:32,USD 50.00,50.00,ftp://www.lorem-ipsum.org,false,sponsorship-01
invoice-74,IN-2345-0071,2020/03/14 15:32,2023/03/14 15:32,USD 50.00,50.00,http://www.lorem-ipsum.org/dolor/sit.html,false,sponsorship-01
invoice-75,IN-2345-0072,2020/03/14 15:32,2023/03/14 15:32,USD 50.00,50.00,http://www.lorem-ipsum.org/dolor/sit.html#dolor,false,sponsorship-01
invoice-76,IN-2345-0073,2020/03/14 15:32,2023/03/14 15:32,USD 50.00,50.00,http://example.org?a=1&b=2,false,sponsorship-01
invoice-77,IN-2345-0074,2020/03/14 15:32,2023/03/14 15:32,USD 50.00,50.00,http://example.org?,false,sponsorship-01
invoice-78,IN-2345-0075,2020/03/14 15:32,2023/03/14 15:32,USD 50.00,50.00,http://example.org?a,false,sponsorship-01
invoice-79,IN-2345-0076,2020/03/14 15:32,2023/03/14 15:32,USD 50.00,50.00,http://example.org?a&b,false,sponsorship-01
invoice-80,IN-2345-0077,2020/03/14 15:32,2023/03/14 15:32,USD 50.00,50.00,http://example.org/,false,sponsorship-01
invoice-81,IN-2345-0078,2020/03/14 15:32,2023/03/14 15:32,USD 50.00,50.00,http://example.org/a,false,sponsorship-01
invoice-82,IN-2345-0079,2020/03/14 15:32,2023/03/14 15:32,USD 50.00,50.00,http://example.org/a/b,false,sponsorship-01
invoice-83,IN-2345-0080,2020/03/14 15:32,2023/03/14 15:32,USD 50.00,50.00,http://example.org/a/b?,false,sponsorship-01
invoice-84,IN-2345-0081,2020/03/14 15:32,2023/03/14 15:32,USD 50.00,50.00,http://example.org/a/b?a&b,false,sponsorship-01
invoice-85,IN-0002-0082,2020/03/14 15:32,2023/03/14 15:32,USD 50.00,50.00,https://example.com/invoices,false,sponsorship-02
invoice-86,IN-0002-0083,2020/03/14 15:32,2023/03/14 15:32,USD 50.00,50.00,https://example.com/invoices,true,sponsorship-02
invoice-87,IN-0002-0084,2020/03/14 15:32,2023/03/14 15:32,USD 50.00,50.00,https://example.com/invoices,true,sponsorship-02
