key,code,registrationTime,dueDate,invoiceQuantity,tax,link,key:sponsorship
invoice-01,IN-0001-0001,2021/07/25 00:00,2021/10/25 00:00,"USD 500,345.00",50.00,https://example.com/invoices,sponsorship-01
invoice-02,IN-0001-0002,2000/01/01 00:00,2000/02/01 00:00,"USD 500,345.00",50.00,https://example.com/invoices,sponsorship-01
invoice-03,IN-0001-0003,2000/01/01 00:01,2000/01/01 00:01,"USD 500,345.00",50.00,https://example.com/invoices,sponsorship-01
invoice-04,IN-0001-0004,2022/07/30 00:00,2022/08/30 00:00,"USD 500,345.00",50.00,https://example.com/invoices,sponsorship-01
invoice-05,IN-0001-0005,2022/07/29 23:59,2022/08/29 23:59,"USD 500,345.00",50.00,https://example.com/invoices,sponsorship-01
invoice-06,IN-0001-0006,2011/04/25 12:00,2021/10/25 00:00,"USD 500,345.00",50.00,https://example.com/invoices,sponsorship-01
invoice-07,IN-0001-0007,2012/02/29 00:00,2021/10/25 00:00,"USD 500,345.00",50.00,https://example.com/invoices,sponsorship-01
invoice-08,IN-0001-0008,2021/07/25 00:00,2200/10/30 23:59,"USD 500,345.00",50.00,https://example.com/invoices,sponsorship-01
invoice-09,IN-0001-0009,2021/07/25 00:00,2200/10/30 23:58,"USD 500,345.00",50.00,https://example.com/invoices,sponsorship-01
invoice-10,IN-0001-0010,2021/07/25 00:00,2021/10/25 00:00,USD 0.00,50.00,https://example.com/invoices,sponsorship-01
invoice-11,IN-0001-0011,2021/07/25 00:00,2021/10/25 00:00,USD 0.01,50.00,https://example.com/invoices,sponsorship-01
invoice-12,IN-0001-0012,2021/07/25 00:00,2021/10/25 00:00,"USD 1,000,000.00",50.00,https://example.com/invoices,sponsorship-01
invoice-13,IN-0001-0013,2021/07/25 00:00,2021/10/25 00:00,"USD 999,999.99",50.00,https://example.com/invoices,sponsorship-01
invoice-14,IN-0001-0014,2021/07/25 00:00,2021/10/25 00:00,"USD 500,000.00",50.00,https://example.com/invoices,sponsorship-01
invoice-15,IN-0001-0015,2021/07/25 00:00,2021/10/25 00:00,"GBP 1,000.00",50.00,https://example.com/invoices,sponsorship-01
invoice-16,IN-0001-0016,2021/07/25 00:00,2021/10/25 00:00,"THB 1,000.00",50.00,https://example.com/invoices,sponsorship-01
invoice-17,IN-0001-0017,2021/07/25 00:00,2021/10/25 00:00,"CAD 1,000.00",50.00,https://example.com/invoices,sponsorship-01
invoice-18,IN-0001-0018,2021/07/25 00:00,2021/10/25 00:00,"EUR 1,000.00",50.00,https://example.com/invoices,sponsorship-01
invoice-19,IN-0001-0019,2021/07/25 00:00,2021/10/25 00:00,"USD 500,345.00",00.00,https://example.com/invoices,sponsorship-01
invoice-20,IN-0001-0020,2021/07/25 00:00,2021/10/25 00:00,"USD 500,345.00",00.01,https://example.com/invoices,sponsorship-01
invoice-21,IN-0001-0021,2021/07/25 00:00,2021/10/25 00:00,"USD 500,345.00",100.00,https://example.com/invoices,sponsorship-01
invoice-22,IN-0001-0022,2021/07/25 00:00,2021/10/25 00:00,"USD 500,345.00",99.99,https://example.com/invoices,sponsorship-01
invoice-23,IN-0001-0023,2021/07/25 00:00,2021/10/25 00:00,"USD 500,345.00",50.00,https://example.com/invoices,sponsorship-01
invoice-24,IN-0001-0024,2021/07/25 00:00,2021/10/25 00:00,"USD 500,345.00",50.00,https://www.example.com/abcdefghijklmnopqrstuvwxyzabcdefghijklmnopqrstuvwxyzabcdefghijklmnopqrstuvwxyzabcdefghijklmnopqrstuvwxyzabcdefghijklmnopqrstuvwxyzabcdefghijklmnopqrstuvwxyzabcdefghijklmnopqrstuvwxyzabcdefghijklmnopqrstuvwxyzabcdefghijklmnopqrstuv,sponsorship-01
invoice-25,IN-0001-0025,2021/07/25 00:00,2021/10/25 00:00,"USD 500,345.00",50.00,https://www.example.com/abcdefghijklmnopqrstuvwxyzabcdefghijklmnopqrstuvwxyzabcdefghijklmnopqrstuvwxyzabcdefghijklmnopqrstuvwxyzabcdefghijklmnopqrstuvwxyzabcdefghijklmnopqrstuvwxyzabcdefghijklmnopqrstuvwxyzabcdefghijklmnopqrstuvwxyzabcdefghijklmnopqrstu,sponsorship-01
invoice-26,IN-0001-0026,2021/07/25 00:00,2021/10/25 00:00,"USD 500,345.00",50.00,http://a.c,sponsorship-01
invoice-27,IN-0001-0027,2021/07/25 00:00,2021/10/25 00:00,"USD 500,345.00",50.00,http://a.cb,sponsorship-01
invoice-28,IN-0002-0001,2021/07/25 00:00,2021/10/25 00:00,"USD 500,345.00",50.00,https://example.com/invoices,sponsorship-02