key,author,email,link,message,moment,title
notice-01,"a",,,"message",2020/07/30 00:00,"title"
notice-02,"au",,,"message",2020/07/30 00:00,"title"
notice-03,"authorauthorauthorauthorauthorauthorauthorauthorauthorauthorauthorauthorau",,,"message",2020/07/30 00:00,"title"
notice-04,"authorauthorauthorauthorauthorauthorauthorauthorauthorauthorauthorauthoraut",,,"message",2020/07/30 00:00,"title"
notice-05,"<script>alert('hi')</script>",,,"message",2020/07/30 00:00,"title"
notice-06,"автор",,,"message",2020/07/30 00:00,"title"
notice-07,"συγγραφέας",,,"message",2020/07/30 00:00,"title"
notice-08,"مؤلف",,,"message",2020/07/30 00:00,"title"
notice-09,"著者",,,"message",2020/07/30 00:00,"title"
notice-10,"?¿^*¨`¡`´*?*´¡*^¨^¡",,,"message",2020/07/30 00:00,"title"
notice-11,"author","example@acme.com",,"message",2020/07/30 00:00,"title"
notice-12,"author","example@alum.us.es",,"message",2020/07/30 00:00,"title"
notice-13,"author","example@yahoo.es",,"message",2020/07/30 00:00,"title"
notice-14,"author","example@xunta.gal",,"message",2020/07/30 00:00,"title"
notice-15,"author","exampleempleexleexampleexampleexaexampleexampleexampleeleexample@gmail.com",,"message",2020/07/30 00:00,"title"
notice-16,"author","exampleempleexleexampleexampleexaexampleexampleexampleeleexampl@gmail.com",,"message",2020/07/30 00:00,"title"
notice-17,"author","exampleempleexleexampleexampleexaexampleexampleexampleeleexample@gmail.gmail.gmail.gmail.gmail.gmail.gmail.gmail.gmail.gmail.gmail.gmail.gmail.gmail.gmail.gmail.gmail.gmail.gmail.gmail.gmail.gmail.gmail.gmail.gmail.gmail.gmail.gmail.gmail.gmail.gmaill.com",,"message",2020/07/30 00:00,"title"
notice-18,"author","exampleempleexleexampleexampleexaexampleexampleexampleeleexample@gmail.gmail.gmail.gmail.gmail.gmail.gmail.gmail.gmail.gmail.gmail.gmail.gmail.gmail.gmail.gmail.gmail.gmail.gmail.gmail.gmail.gmail.gmail.gmail.gmail.gmail.gmail.gmail.gmail.gmail.gmail.com",,"message",2020/07/30 00:00,"title"
notice-19,"author",,"http://www.example.com","message",2020/07/30 00:00,"title"
notice-20,"author",,"http://www.example.jp","message",2020/07/30 00:00,"title"
notice-21,"author",,"http://www.example.fr","message",2020/07/30 00:00,"title"
notice-22,"author",,"https://example.com/abcdefghijklmnopqrstuvwxyzabcdefghijklmnopqrstuvwxyzabcdefghijklmnopqrstuvwxyzabcdefghijklmnopqrstuvwxyzabcdefghijklmnopqrstuvwxyzabcdefghijklmnopqrstuvwxyzabcdefghijklmnopqrstuvwxyzabcdefghijklmnopqrstuvwxyzabcdefghijklmnopqrstuvwxyza","message",2020/07/30 00:00,"title"
notice-23,"author",,"https://github.com/search?q=python+language&type=Repositories","message",2020/07/30 00:00,"title"
notice-24,"author",,,"m",2020/07/30 00:00,"title"
notice-25,"author",,,"me",2020/07/30 00:00,"title"
notice-26,"author",,,"MessagemessagemessageMessagemessagemessageMessagemessagemessageMessagemessagemessageMessagemessagem",2020/07/30 00:00,"title"
notice-27,"author",,,"MessagemessagemessageMessagemessagemessageMessagemessagemessageMessagemessagemessageMessagemessageme",2020/07/30 00:00,"title"
notice-28,"author",,,"μήνυμα",2020/07/30 00:00,"title"
notice-29,"author",,,"رسالة",2020/07/30 00:00,"title"
notice-30,"author",,,"メッセージ",2020/07/30 00:00,"title"
notice-31,"author",,,"?¿^*¨`¡`´*?*´¡*^¨^¡",2020/07/30 00:00,"title"
notice-32,"author",,,"<script>alert('hi')</script>",2020/07/30 00:00,"title"
notice-33,"author",,,"message",2000/01/01 00:00,"title"
notice-34,"author",,,"message",2000/01/01 00:01,"title"
notice-35,"author",,,"message",2022/07/29 23:59,"title"
notice-36,"author",,,"message",2022/07/30 00:00,"title"
notice-37,"author",,,"message",2017/04/04 15:49,"title"
notice-38,"author",,,"message",2016/02/29 23:59,"title"
notice-39,"author",,,"message",2017/01/31 23:59,"title"
notice-40,"author",,,"message",2020/07/29 23:59,"t"
notice-41,"author",,,"message",2020/07/29 23:59,"ti"
notice-42,"author",,,"message",2020/07/29 23:59,"titletitletitletitletitletitletitletitletitletitletitletitletitletitletitl"
notice-43,"author",,,"message",2020/07/29 23:59,"titletitletitletitletitletitletitletitletitletitletitletitletitletitletitle"
notice-44,"author",,,"message",2020/07/29 23:59,"τίτλος"
notice-45,"author",,,"message",2020/07/29 23:59,"عنوان"
notice-46,"author",,,"message",2020/07/29 23:59,"заголовок"
notice-47,"author",,,"message",2020/07/29 23:59,"タイトル"
notice-48,"author",,,"message",2020/07/29 23:59,"?¿^*¨`¡`´*?*´¡*^¨^¡"
notice-49,"author",,,"message",2020/07/29 23:59,"<script>alert('hi')</script>"
