key,code,beginning-moment,end-moment,location,instructor,contact-email,link,draft-mode,key:training-module
training-session-01,TS-A-123,2022/03/22 15:32,2022/04/22 15:32,Sample location.,Sample instructor.,trainingsession@gmail.com,https://www.sampleweb.com,false,training-module-01
training-session-02,TS-AB-123,2022/03/22 15:32,2022/04/22 15:32,Sample location.,Sample instructor.,trainingsession@gmail.com,https://www.sampleweb.com,false,training-module-01
training-session-03,TS-ABC-123,2022/03/22 15:32,2022/04/22 15:32,Sample location.,Sample instructor.,trainingsession@gmail.com,https://www.sampleweb.com,false,training-module-01
training-session-04,TS-ABC-237,2022/03/22 15:32,2022/04/22 15:32,Sample location.,Sample instructor.,trainingsession@gmail.com,https://www.sampleweb.com,false,training-module-01
training-session-05,TS-RGX-123,2022/03/22 15:32,2022/04/22 15:32,Sample location.,Sample instructor.,trainingsession@gmail.com,https://www.sampleweb.com,false,training-module-01
training-session-06,TS-ABC-124,2020/03/21 15:32,2022/04/22 15:32,Sample location.,Sample instructor.,trainingsession@gmail.com,https://www.sampleweb.com,false,training-module-01
training-session-07,TS-ABC-125,2020/03/21 15:33,2022/04/22 15:32,Sample location.,Sample instructor.,trainingsession@gmail.com,https://www.sampleweb.com,false,training-module-01
training-session-08,TS-ABC-126,2200/12/24 23:59,2200/12/31 23:59,Sample location.,Sample instructor.,trainingsession@gmail.com,https://www.sampleweb.com,false,training-module-01
training-session-09,TS-ABC-127,2200/12/24 23:58,2200/12/31 23:59,Sample location.,Sample instructor.,trainingsession@gmail.com,https://www.sampleweb.com,false,training-module-01
training-session-10,TS-ABC-128,2023/03/31 23:59,2025/04/22 15:32,Sample location.,Sample instructor.,trainingsession@gmail.com,https://www.sampleweb.com,false,training-module-01
training-session-11,TS-ABC-129,2023/04/01 00:00,2025/04/22 15:32,Sample location.,Sample instructor.,trainingsession@gmail.com,https://www.sampleweb.com,false,training-module-01
training-session-12,TS-ABC-130,2024/02/27 23:59,2025/04/22 15:32,Sample location.,Sample instructor.,trainingsession@gmail.com,https://www.sampleweb.com,false,training-module-01
training-session-13,TS-ABC-131,2024/02/28 00:00,2025/04/22 15:32,Sample location.,Sample instructor.,trainingsession@gmail.com,https://www.sampleweb.com,false,training-module-01
training-session-14,TS-ABC-132,2024/02/29 15:32,2025/04/22 15:32,Sample location.,Sample instructor.,trainingsession@gmail.com,https://www.sampleweb.com,false,training-module-01
training-session-15,TS-ABC-133,2023/12/31 23:59,2025/04/22 15:32,Sample location.,Sample instructor.,trainingsession@gmail.com,https://www.sampleweb.com,false,training-module-01
training-session-16,TS-ABC-134,2024/01/01 00:00,2025/04/22 15:32,Sample location.,Sample instructor.,trainingsession@gmail.com,https://www.sampleweb.com,false,training-module-01
training-session-17,TS-ABC-100,2022/03/22 15:32,2022/03/29 15:32,Sample location.,Sample instructor.,trainingsession@gmail.com,https://www.sampleweb.com,false,training-module-01
training-session-18,TS-ABC-101,2022/03/22 15:32,2022/03/29 15:33,Sample location.,Sample instructor.,trainingsession@gmail.com,https://www.sampleweb.com,false,training-module-01
training-session-19,TS-ABC-102,2022/03/22 15:32,2022/04/22 15:32,Sample location.,Sample instructor.,trainingsession@gmail.com,https://www.sampleweb.com,false,training-module-01
training-session-20,TS-ABC-103,2022/03/22 15:32,2200/12/31 23:59,Sample location.,Sample instructor.,trainingsession@gmail.com,https://www.sampleweb.com,false,training-module-01
training-session-21,TS-ABC-104,2022/03/22 15:32,2200/12/31 23:58,Sample location.,Sample instructor.,trainingsession@gmail.com,https://www.sampleweb.com,false,training-module-01
training-session-22,TS-ABC-135,2022/03/22 15:32,2023/03/31 23:59,Sample location.,Sample instructor.,trainingsession@gmail.com,https://www.sampleweb.com,false,training-module-01
training-session-23,TS-ABC-136,2022/03/22 15:32,2023/04/01 00:00,Sample location.,Sample instructor.,trainingsession@gmail.com,https://www.sampleweb.com,false,training-module-01
training-session-24,TS-ABC-137,2022/03/22 15:32,2024/02/27 23:59,Sample location.,Sample instructor.,trainingsession@gmail.com,https://www.sampleweb.com,false,training-module-01
training-session-25,TS-ABC-138,2022/03/22 15:32,2024/02/28 00:00,Sample location.,Sample instructor.,trainingsession@gmail.com,https://www.sampleweb.com,false,training-module-01
training-session-26,TS-ABC-139,2022/03/22 15:32,2024/02/29 15:32,Sample location.,Sample instructor.,trainingsession@gmail.com,https://www.sampleweb.com,false,training-module-01
training-session-27,TS-ABC-140,2022/03/22 15:32,2023/12/31 23:59,Sample location.,Sample instructor.,trainingsession@gmail.com,https://www.sampleweb.com,false,training-module-01
training-session-28,TS-ABC-141,2022/03/22 15:32,2024/01/01 00:00,Sample location.,Sample instructor.,trainingsession@gmail.com,https://www.sampleweb.com,false,training-module-01
training-session-29,TS-ABC-142,2022/03/22 15:32,2022/04/22 15:32,1,Sample instructor.,trainingsession@gmail.com,https://www.sampleweb.com,false,training-module-01
training-session-30,TS-ABC-143,2022/03/22 15:32,2022/04/22 15:32,2.,Sample instructor.,trainingsession@gmail.com,https://www.sampleweb.com,false,training-module-01
training-session-31,TS-ABC-144,2022/03/22 15:32,2022/04/22 15:32,Esta es una localización de ejemplo.,Sample instructor.,trainingsession@gmail.com,https://www.sampleweb.com,false,training-module-01
training-session-32,TS-ABC-145,2022/03/22 15:32,2022/04/22 15:32,This is a Sample location intended to have exactly 75 characters as string.,Sample instructor.,trainingsession@gmail.com,https://www.sampleweb.com,false,training-module-01
training-session-33,TS-ABC-146,2022/03/22 15:32,2022/04/22 15:32,This is a Sample location intended to have exactly 74 characters as string,Sample instructor.,trainingsession@gmail.com,https://www.sampleweb.com,false,training-module-01
training-session-34,TS-ABC-147,2022/03/22 15:32,2022/04/22 15:32,這是一個範例位置,Sample instructor.,trainingsession@gmail.com,https://www.sampleweb.com,false,training-module-01
training-session-35,TS-ABC-148,2022/03/22 15:32,2022/04/22 15:32,Это пример местоположения,Sample instructor.,trainingsession@gmail.com,https://www.sampleweb.com,false,training-module-01
training-session-36,TS-ABC-149,2022/03/22 15:32,2022/04/22 15:32,هذا موقع عينة,Sample instructor.,trainingsession@gmail.com,https://www.sampleweb.com,false,training-module-01
training-session-37,TS-ABC-150,2022/03/22 15:32,2022/04/22 15:32,यह एक नमूना स्थान है,Sample instructor.,trainingsession@gmail.com,https://www.sampleweb.com,false,training-module-01
training-session-38,TS-ABC-151,2022/03/22 15:32,2022/04/22 15:32,Αυτό είναι ένα δείγμα τοποθεσίας,Sample instructor.,trainingsession@gmail.com,https://www.sampleweb.com,false,training-module-01
training-session-39,TS-ABC-152,2022/03/22 15:32,2022/04/22 15:32,*/``´`ç!?'¿|º¨¨¡(´´,Sample instructor.,trainingsession@gmail.com,https://www.sampleweb.com,false,training-module-01
training-session-40,TS-ABC-153,2022/03/22 15:32,2022/04/22 15:32,<script>alert('hi')</script>,Sample instructor.,trainingsession@gmail.com,https://www.sampleweb.com,false,training-module-01
training-session-41,TS-ABC-000,2022/03/22 15:32,2022/04/22 15:32,';X;--,Sample instructor.,trainingsession@gmail.com,https://www.sampleweb.com,false,training-module-01
training-session-42,TS-ABC-154,2022/03/22 15:32,2022/04/22 15:32,Sample location.,1,trainingsession@gmail.com,https://www.sampleweb.com,false,training-module-01
training-session-43,TS-ABC-155,2022/03/22 15:32,2022/04/22 15:32,Sample location.,2.,trainingsession@gmail.com,https://www.sampleweb.com,false,training-module-01
training-session-44,TS-ABC-156,2022/03/22 15:32,2022/04/22 15:32,Sample location.,Estás viendo un instructor de ejemplo.,trainingsession@gmail.com,https://www.sampleweb.com,false,training-module-01
training-session-45,TS-ABC-157,2022/03/22 15:32,2022/04/22 15:32,Sample location.,This is a sample instructor thought to have exactly 75 characters as string,trainingsession@gmail.com,https://www.sampleweb.com,false,training-module-01
training-session-46,TS-ABC-158,2022/03/22 15:32,2022/04/22 15:32,Sample location.,This is a sample instructor to reach exactly 74 characters as string here.,trainingsession@gmail.com,https://www.sampleweb.com,false,training-module-01
training-session-47,TS-ABC-159,2022/03/22 15:32,2022/04/22 15:32,Sample location.,Αυτό είναι ένα δείγμα εκπαιδευτή,trainingsession@gmail.com,https://www.sampleweb.com,false,training-module-01
training-session-48,TS-ABC-160,2022/03/22 15:32,2022/04/22 15:32,Sample location.,यह एक नमूना प्रशिक्षक है,trainingsession@gmail.com,https://www.sampleweb.com,false,training-module-01
training-session-49,TS-ABC-161,2022/03/22 15:32,2022/04/22 15:32,Sample location.,هذا هو نموذج للمدرب,trainingsession@gmail.com,https://www.sampleweb.com,false,training-module-01
training-session-50,TS-ABC-162,2022/03/22 15:32,2022/04/22 15:32,Sample location.,這是範例講師,trainingsession@gmail.com,https://www.sampleweb.com,false,training-module-01
training-session-51,TS-ABC-163,2022/03/22 15:32,2022/04/22 15:32,Sample location.,Это пример инструктора,trainingsession@gmail.com,https://www.sampleweb.com,false,training-module-01
training-session-52,TS-ABC-164,2022/03/22 15:32,2022/04/22 15:32,Sample location.,*/``´`ç!?'¿|º¨¨¡(´´,trainingsession@gmail.com,https://www.sampleweb.com,false,training-module-01
training-session-53,TS-ABC-165,2022/03/22 15:32,2022/04/22 15:32,Sample location.,<script>alert('hi')</script>,trainingsession@gmail.com,https://www.sampleweb.com,false,training-module-01
training-session-54,TS-ABC-222,2022/03/22 15:32,2022/04/22 15:32,Sample location.,';X;--,trainingsession@gmail.com,https://www.sampleweb.com,false,training-module-01
training-session-55,TS-ABC-166,2022/03/22 15:32,2022/04/22 15:32,Sample location.,Sample instructor.,trainingsession@alum.us.es,https://www.sampleweb.com,false,training-module-01
training-session-56,TS-ABC-167,2022/03/22 15:32,2022/04/22 15:32,Sample location.,Sample instructor.,trainingsession@100.100.100.2,https://www.sampleweb.com,false,training-module-01
training-session-57,TS-ABC-168,2022/03/22 15:32,2022/04/22 15:32,Sample location.,Sample instructor.,trainingsession!@gmail.com,https://www.sampleweb.com,false,training-module-01
training-session-58,TS-ABC-169,2022/03/22 15:32,2022/04/22 15:32,Sample location.,Sample instructor.,trainingsessiontoreach64onthelocalpartoftheemailtotestitworksoki@gmail.com,https://www.sampleweb.com,false,training-module-01
training-session-59,TS-ABC-170,2022/03/22 15:32,2022/04/22 15:32,Sample location.,Sample instructor.,trainingsessiontoreach63onthelocalpartoftheemailtotestitworksok@gmail.com,https://www.sampleweb.com,false,training-module-01
training-session-60,TS-ABC-171,2022/03/22 15:32,2022/04/22 15:32,Sample location.,Sample instructor.,trainingsessiontoreach254charactersnfiowienfoiowie@areuafha.iuwfhewu.ifhoawef.hoaewhoa.ehfoaeho.ihfaohfi.oahfoaew.hfoiaehf.ohohfoeh.foaihfoi.ahfiofho.fhofhaoi.hfiafaof.haoiwefh.oaiefhao.iehfaoiw.ehfiohwe.oiahfoia.whfawhef.aiofoaei.eheieioo.ooooiyyy.j.com,https://www.sampleweb.com,false,training-module-01
training-session-61,TS-ABC-172,2022/03/22 15:32,2022/04/22 15:32,Sample location.,Sample instructor.,trainingsessiontoreach255charactersnfiowienfoiowie@areuafha.iuwfhewu.ifhoawef.hoaewhoa.ehfoaeho.ihfaohfi.oahfoaew.hfoiaehf.ohohfoeh.foaihfoi.ahfiofho.fhofhaoi.hfiafaof.haoiwefh.oaiefhao.iehfaoiw.ehfiohwe.oiahfoia.whfawhef.aiofoaei.eheieioo.ooooiyyy.jy.com,https://www.sampleweb.com,false,training-module-01
training-session-62,TS-ABC-173,2022/03/22 15:32,2022/04/22 15:32,Sample location.,Sample instructor.,trainingsession@x.es,https://www.sampleweb.com,false,training-module-01
training-session-63,TS-ABC-174,2022/03/22 15:32,2022/04/22 15:32,Sample location.,Sample instructor.,trainingsession@üñîçódé.com,https://www.sampleweb.com,false,training-module-01
training-session-64,TS-ABC-175,2022/03/22 15:32,2022/04/22 15:32,Sample location.,Sample instructor.,trainingsession@icloud.com,https://www.sampleweb.com,false,training-module-01
training-session-65,TS-ABC-176,2022/03/22 15:32,2022/04/22 15:32,Sample location.,Sample instructor.,trainingsession@outlook.com,https://www.sampleweb.com,false,training-module-01
training-session-66,TS-ABC-177,2022/03/22 15:32,2022/04/22 15:32,Sample location.,Sample instructor.,ts@gmail.com,https://www.sampleweb.com,false,training-module-01
training-session-67,TS-ABC-178,2022/03/22 15:32,2022/04/22 15:32,Sample location.,Sample instructor.,t@gmail.com,https://www.sampleweb.com,false,training-module-01
training-session-68,TS-ABC-179,2022/03/22 15:32,2022/04/22 15:32,Sample location.,Sample instructor.,a@b.e,https://www.sampleweb.com,false,training-module-01
training-session-69,TS-ABC-180,2022/03/22 15:32,2022/04/22 15:32,Sample location.,Sample instructor.,a@b.es,https://www.sampleweb.com,false,training-module-01
training-session-70,TS-ABC-181,2022/03/22 15:32,2022/04/22 15:32,Sample location.,Sample instructor.,a@b.esx,https://www.sampleweb.com,false,training-module-01
training-session-71,TS-ABC-182,2022/03/22 15:32,2022/04/22 15:32,Sample location.,Sample instructor.,trainingsession@gmail.com,,false,training-module-01
training-session-72,TS-ABC-183,2022/03/22 15:32,2022/04/22 15:32,Sample location.,Sample instructor.,trainingsession@gmail.com,,false,training-module-01
training-session-73,TS-ABC-184,2022/03/22 15:32,2022/04/22 15:32,Sample location.,Sample instructor.,trainingsession@gmail.com,ftp://user:password@ftp.example.org:8080/files/file.txt,false,training-module-01
training-session-74,TS-ABC-185,2022/03/22 15:32,2022/04/22 15:32,Sample location.,Sample instructor.,trainingsession@gmail.com,https://www.youtube.com/watch?v=LA-MZl_w0Zc&list=LL&index=1,false,training-module-01
training-session-75,TS-ABC-186,2022/03/22 15:32,2022/04/22 15:32,Sample location.,Sample instructor.,trainingsession@gmail.com,https://www.sample.org,false,training-module-01
training-session-76,TS-ABC-187,2022/03/22 15:32,2022/04/22 15:32,Sample location.,Sample instructor.,trainingsession@gmail.com,https://www.sample.io,false,training-module-01
training-session-77,TS-ABC-188,2022/03/22 15:32,2022/04/22 15:32,Sample location.,Sample instructor.,trainingsession@gmail.com,https://www.samplewebtoreachthemaximumof255charactersfjekjndfiwoiejfijoijoijowijoiejfowijefiwoefjwoifoicosioicjisdjoicjsdoijcoiscjjjjcsidjcoisjosjcosjooinvjnkejknknekjfnwkefnkwenfkwjenfkwenfkjwnfkwnekfnwekfnwkefnkwefnkwenfkwejejejjejejwfeeeffeggh553tt.com,false,training-module-01
training-session-78,TS-ABC-189,2022/03/22 15:32,2022/04/22 15:32,Sample location.,Sample instructor.,trainingsession@gmail.com,https://www.samplewebtoreachthemaximumof255charactersminus1fiwoiejfijoijoijowijoiejfowijefiwoefjwoifoicosioicjisdjoicjsdoijcoiscjjjjcsidjcoisjosjcosjooinvjnkejknknekjfnwkefnkwenfkwjenfkwenfkjwnfkwnekfnwekfnwkefnkwefnkwenfkwejejejjejejwfeeeffegghf553tt.es,false,training-module-01
training-session-79,TS-ABC-190,2022/03/22 15:32,2022/04/22 15:32,Sample location.,Sample instructor.,trainingsession@gmail.com,ftp://,false,training-module-01
training-session-80,TS-ABC-191,2022/03/22 15:32,2022/04/22 15:32,Sample location.,Sample instructor.,trainingsession@gmail.com,ftp://a,false,training-module-01
training-session-81,TS-ABC-192,2022/03/22 15:32,2022/04/22 15:32,Sample location.,Sample instructor.,trainingsession@gmail.com,ftp://a.b,false,training-module-01
training-session-82,TS-ABC-193,2022/03/22 15:32,2022/04/22 15:32,Sample location.,Sample instructor.,trainingsession@gmail.com,"http://www.lorem-ipsum.org/dolor/sit/amet,/consectetur/adipiscing/elit,/sed/do/eiusmod/tempor/incididunt/ut/labore/et/dolore/magna/aliqua/Ut/enim/ad/minim/veniam/quis/nostrud/exercitation/ullamco/laboris/nisi/ut/aliquip/ex/ea/commodo/consequat/duis/aute/",false,training-module-01
training-session-83,TS-ABC-194,2022/03/22 15:32,2022/04/22 15:32,Sample location.,Sample instructor.,trainingsession@gmail.com,"http://www.lorem-ipsum.org/dolor/sit/amet,/consectetur/adipiscing/elit,/sed/do/eiusmod/tempor/incididunt/ut/labore/et/dolore/magna/aliqua/Ut/enim/ad/minim/veniam/quis/nostrud/exercitation/ullamco/laboris/nisi/ut/aliquip/ex/ea/commodo/consequat/duis/aute/X",false,training-module-01
training-session-84,TS-ABC-195,2022/03/22 15:32,2022/04/22 15:32,Sample location.,Sample instructor.,trainingsession@gmail.com,https://www.lorem-ipsum.org,false,training-module-01
training-session-85,TS-ABC-196,2022/03/22 15:32,2022/04/22 15:32,Sample location.,Sample instructor.,trainingsession@gmail.com,ftp://www.lorem-ipsum.org,false,training-module-01
training-session-86,TS-ABC-197,2022/03/22 15:32,2022/04/22 15:32,Sample location.,Sample instructor.,trainingsession@gmail.com,http://www.lorem-ipsum.org/dolor/sit.html,false,training-module-01
training-session-87,TS-ABC-198,2022/03/22 15:32,2022/04/22 15:32,Sample location.,Sample instructor.,trainingsession@gmail.com,http://www.lorem-ipsum.org/dolor/sit.html#dolor,false,training-module-01
training-session-88,TS-ABC-199,2022/03/22 15:32,2022/04/22 15:32,Sample location.,Sample instructor.,trainingsession@gmail.com,http://example.org?a=1&b=2,false,training-module-01
training-session-89,TS-ABC-200,2022/03/22 15:32,2022/04/22 15:32,Sample location.,Sample instructor.,trainingsession@gmail.com,http://example.org?,false,training-module-01
training-session-90,TS-ABC-201,2022/03/22 15:32,2022/04/22 15:32,Sample location.,Sample instructor.,trainingsession@gmail.com,http://example.org?a,false,training-module-01
training-session-91,TS-ABC-202,2022/03/22 15:32,2022/04/22 15:32,Sample location.,Sample instructor.,trainingsession@gmail.com,http://example.org?a&b,false,training-module-01
training-session-92,TS-ABC-203,2022/03/22 15:32,2022/04/22 15:32,Sample location.,Sample instructor.,trainingsession@gmail.com,http://example.org/,false,training-module-01
training-session-93,TS-ABC-204,2022/03/22 15:32,2022/04/22 15:32,Sample location.,Sample instructor.,trainingsession@gmail.com,http://example.org/a,false,training-module-01
training-session-94,TS-ABC-205,2022/03/22 15:32,2022/04/22 15:32,Sample location.,Sample instructor.,trainingsession@gmail.com,http://example.org/a/b,false,training-module-01
training-session-95,TS-ABC-206,2022/03/22 15:32,2022/04/22 15:32,Sample location.,Sample instructor.,trainingsession@gmail.com,http://example.org/a/b?,false,training-module-01
training-session-96,TS-ABC-207,2022/03/22 15:32,2022/04/22 15:32,Sample location.,Sample instructor.,trainingsession@gmail.com,http://example.org/a/b?a&b,false,training-module-01
training-session-97,TS-ABC-208,2022/03/22 15:32,2022/04/22 15:32,Sample location.,Sample instructor.,trainingsession@gmail.com,https://www.sampleweb.com,false,training-module-01
training-session-98,TS-ABC-209,2022/03/22 15:32,2022/04/22 15:32,Sample location.,Sample instructor.,trainingsession@gmail.com,https://www.sampleweb.com,true,training-module-01
training-session-99,TS-ABC-210,2022/03/22 15:32,2022/04/22 15:32,Sample location.,Sample instructor.,trainingsession@gmail.com,https://www.sampleweb.com,false,training-module-02
training-session-100,TS-ABC-211,2022/03/22 15:32,2022/04/22 15:32,Sample location.,Sample instructor.,trainingsession@gmail.com,https://www.sampleweb.com,false,training-module-56
training-session-101,TS-ABC-212,2022/03/22 15:32,2022/04/22 15:32,Sample location.,Sample instructor.,trainingsession@gmail.com,https://www.sampleweb.com,false,training-module-18
training-session-102,TS-ABC-213,2022/03/22 15:32,2022/04/22 15:32,Sample location.,Sample instructor.,trainingsession@gmail.com,https://www.sampleweb.com,false,training-module-22